<?xml version="1.0" encoding="UTF-8"?>
<export version="D">
  <design>
    <source>/home/prunkdump/kicad/variometer/variometer.sch</source>
    <date>Tue 08 Nov 2016 06:18:40 PM CET</date>
    <tool>Eeschema 4.0.1-stable</tool>
    <sheet number="1" name="/" tstamps="/">
      <title_block>
        <title>Variometer</title>
        <company/>
        <rev/>
        <date/>
        <source>variometer.sch</source>
        <comment number="1" value=""/>
        <comment number="2" value=""/>
        <comment number="3" value=""/>
        <comment number="4" value=""/>
      </title_block>
    </sheet>
  </design>
  <components>
    <comp ref="R1">
      <value>R</value>
      <footprint>Resistors_ThroughHole:Resistor_Horizontal_RM7mm</footprint>
      <libsource lib="device" part="R"/>
      <sheetpath names="/" tstamps="/"/>
      <tstamp>5820CA23</tstamp>
    </comp>
    <comp ref="S1">
      <value>SLIDE_SW</value>
      <footprint>variometer_fp:SLIDE_SW</footprint>
      <libsource lib="variometer-comp" part="SLIDE_SW"/>
      <sheetpath names="/" tstamps="/"/>
      <tstamp>5820F5FB</tstamp>
    </comp>
    <comp ref="U5">
      <value>arduino_pro_mini</value>
      <footprint>variometer_fp:arduino_pro_mini</footprint>
      <libsource lib="variometer-comp" part="arduino_pro_mini"/>
      <sheetpath names="/" tstamps="/"/>
      <tstamp>5821CE50</tstamp>
    </comp>
    <comp ref="U6">
      <value>IMU-9DOF</value>
      <footprint>variometer_fp:IMU-9DOF</footprint>
      <libsource lib="variometer-comp" part="IMU-9DOF"/>
      <sheetpath names="/" tstamps="/"/>
      <tstamp>5821CEB1</tstamp>
    </comp>
    <comp ref="U9">
      <value>GPS</value>
      <footprint>variometer_fp:GPS</footprint>
      <libsource lib="variometer-comp" part="GPS"/>
      <sheetpath names="/" tstamps="/"/>
      <tstamp>5821CEFC</tstamp>
    </comp>
    <comp ref="U8">
      <value>SD_CARD_READER</value>
      <footprint>variometer_fp:SD_CARD_READER</footprint>
      <libsource lib="variometer-comp" part="SD_CARD_READER"/>
      <sheetpath names="/" tstamps="/"/>
      <tstamp>5821D08B</tstamp>
    </comp>
    <comp ref="U7">
      <value>SCREEN_CONN</value>
      <footprint>variometer_fp:SCREEN_CONN</footprint>
      <libsource lib="variometer-comp" part="SCREEN_CONN"/>
      <sheetpath names="/" tstamps="/"/>
      <tstamp>5821D110</tstamp>
    </comp>
    <comp ref="U4">
      <value>L9110</value>
      <footprint>variometer_fp:L9110</footprint>
      <libsource lib="variometer-comp" part="L9110"/>
      <sheetpath names="/" tstamps="/"/>
      <tstamp>5821D249</tstamp>
    </comp>
    <comp ref="U2">
      <value>SPEAKER_CONN</value>
      <footprint>variometer_fp:SPEAKER_CONN</footprint>
      <libsource lib="variometer-comp" part="SPEAKER_CONN"/>
      <sheetpath names="/" tstamps="/"/>
      <tstamp>5821D47D</tstamp>
    </comp>
    <comp ref="U3">
      <value>LOADER_CONN</value>
      <footprint>variometer_fp:LOADER_CONN</footprint>
      <libsource lib="variometer-comp" part="LOADER_CONN"/>
      <sheetpath names="/" tstamps="/"/>
      <tstamp>5821D834</tstamp>
    </comp>
    <comp ref="U1">
      <value>CHARGER</value>
      <footprint>variometer_fp:CHARGER</footprint>
      <libsource lib="variometer-comp" part="CHARGER"/>
      <sheetpath names="/" tstamps="/"/>
      <tstamp>5821C83E</tstamp>
    </comp>
  </components>
  <libparts>
    <libpart lib="variometer-comp" part="CHARGER">
      <fields>
        <field name="Reference">U</field>
        <field name="Value">CHARGER</field>
      </fields>
      <pins>
        <pin num="1" name="+" type="passive"/>
        <pin num="2" name="-" type="passive"/>
        <pin num="3" name="B+" type="passive"/>
        <pin num="4" name="B-" type="passive"/>
        <pin num="5" name="OUT+" type="passive"/>
        <pin num="6" name="OUT-" type="passive"/>
      </pins>
    </libpart>
    <libpart lib="variometer-comp" part="GPS">
      <fields>
        <field name="Reference">U</field>
        <field name="Value">GPS</field>
      </fields>
      <pins>
        <pin num="1" name="VCC" type="passive"/>
        <pin num="2" name="RX" type="BiDi"/>
        <pin num="3" name="TX" type="BiDi"/>
        <pin num="4" name="GND" type="passive"/>
      </pins>
    </libpart>
    <libpart lib="variometer-comp" part="IMU-9DOF">
      <fields>
        <field name="Reference">U</field>
        <field name="Value">IMU-9DOF</field>
      </fields>
      <pins>
        <pin num="1" name="VCC" type="passive"/>
        <pin num="2" name="GND" type="passive"/>
        <pin num="3" name="SCL" type="BiDi"/>
        <pin num="4" name="SDA" type="BiDi"/>
        <pin num="5" name="NCS" type="BiDi"/>
        <pin num="6" name="ADO" type="BiDi"/>
        <pin num="7" name="INT" type="BiDi"/>
        <pin num="8" name="SDO" type="BiDi"/>
        <pin num="9" name="CSB" type="BiDi"/>
        <pin num="10" name="PS" type="BiDi"/>
      </pins>
    </libpart>
    <libpart lib="variometer-comp" part="L9110">
      <fields>
        <field name="Reference">U</field>
        <field name="Value">L9110</field>
      </fields>
      <pins>
        <pin num="1" name="OA" type="passive"/>
        <pin num="2" name="VCC" type="passive"/>
        <pin num="3" name="VCC" type="passive"/>
        <pin num="4" name="OB" type="passive"/>
        <pin num="5" name="GND" type="passive"/>
        <pin num="6" name="IB" type="passive"/>
        <pin num="7" name="IA" type="passive"/>
        <pin num="8" name="GND" type="passive"/>
      </pins>
    </libpart>
    <libpart lib="variometer-comp" part="LOADER_CONN">
      <fields>
        <field name="Reference">U</field>
        <field name="Value">LOADER_CONN</field>
      </fields>
      <pins>
        <pin num="1" name="DTR" type="BiDi"/>
        <pin num="2" name="TX0" type="BiDi"/>
        <pin num="3" name="RXI" type="BiDi"/>
        <pin num="4" name="VCC" type="passive"/>
        <pin num="5" name="GND" type="passive"/>
        <pin num="6" name="GND" type="passive"/>
      </pins>
    </libpart>
    <libpart lib="device" part="R">
      <description>Resistor</description>
      <footprints>
        <fp>R_*</fp>
        <fp>Resistor_*</fp>
      </footprints>
      <fields>
        <field name="Reference">R</field>
        <field name="Value">R</field>
      </fields>
      <pins>
        <pin num="1" name="~" type="passive"/>
        <pin num="2" name="~" type="passive"/>
      </pins>
    </libpart>
    <libpart lib="variometer-comp" part="SCREEN_CONN">
      <fields>
        <field name="Reference">U</field>
        <field name="Value">SCREEN_CONN</field>
      </fields>
      <pins>
        <pin num="1" name="RST" type="BiDi"/>
        <pin num="2" name="CE/CS" type="BiDi"/>
        <pin num="3" name="DC" type="BiDi"/>
        <pin num="4" name="DIN/MOSI" type="BiDi"/>
        <pin num="5" name="CLK" type="BiDi"/>
        <pin num="6" name="VCC" type="passive"/>
        <pin num="7" name="LIGHT" type="passive"/>
        <pin num="8" name="GND" type="passive"/>
      </pins>
    </libpart>
    <libpart lib="variometer-comp" part="SD_CARD_READER">
      <fields>
        <field name="Reference">U</field>
        <field name="Value">SD_CARD_READER</field>
      </fields>
      <pins>
        <pin num="1" name="GND" type="passive"/>
        <pin num="2" name="+3.3" type="passive"/>
        <pin num="3" name="+5V" type="passive"/>
        <pin num="4" name="CS" type="BiDi"/>
        <pin num="5" name="MOSI" type="BiDi"/>
        <pin num="6" name="SCK" type="BiDi"/>
        <pin num="7" name="MISO" type="BiDi"/>
        <pin num="8" name="GND" type="passive"/>
      </pins>
    </libpart>
    <libpart lib="variometer-comp" part="SLIDE_SW">
      <fields>
        <field name="Reference">S</field>
        <field name="Value">SLIDE_SW</field>
      </fields>
      <pins>
        <pin num="1" name="1" type="passive"/>
        <pin num="2" name="2" type="passive"/>
      </pins>
    </libpart>
    <libpart lib="variometer-comp" part="SPEAKER_CONN">
      <fields>
        <field name="Reference">U</field>
        <field name="Value">SPEAKER_CONN</field>
      </fields>
      <pins>
        <pin num="1" name="+" type="passive"/>
        <pin num="2" name="-" type="passive"/>
      </pins>
    </libpart>
    <libpart lib="variometer-comp" part="arduino_pro_mini">
      <fields>
        <field name="Reference">U</field>
        <field name="Value">arduino_pro_mini</field>
      </fields>
      <pins>
        <pin num="1" name="GND" type="passive"/>
        <pin num="2" name="2" type="BiDi"/>
        <pin num="3" name="3" type="BiDi"/>
        <pin num="4" name="4" type="BiDi"/>
        <pin num="5" name="5" type="BiDi"/>
        <pin num="6" name="6" type="BiDi"/>
        <pin num="7" name="7" type="BiDi"/>
        <pin num="8" name="8" type="BiDi"/>
        <pin num="9" name="9" type="BiDi"/>
        <pin num="10" name="10" type="BiDi"/>
        <pin num="11" name="11" type="BiDi"/>
        <pin num="12" name="12" type="BiDi"/>
        <pin num="13" name="13" type="BiDi"/>
        <pin num="14" name="A0" type="BiDi"/>
        <pin num="15" name="A1" type="BiDi"/>
        <pin num="16" name="A2" type="BiDi"/>
        <pin num="17" name="A3" type="BiDi"/>
        <pin num="18" name="A4" type="BiDi"/>
        <pin num="19" name="A5" type="BiDi"/>
        <pin num="20" name="A6" type="BiDi"/>
        <pin num="21" name="A7" type="BiDi"/>
        <pin num="22" name="VCC" type="passive"/>
        <pin num="23" name="RST" type="BiDi"/>
        <pin num="24" name="GND" type="passive"/>
        <pin num="25" name="RAW" type="passive"/>
        <pin num="26" name="GND" type="passive"/>
        <pin num="27" name="TX0" type="BiDi"/>
        <pin num="28" name="RXI" type="BiDi"/>
        <pin num="29" name="RST" type="BiDi"/>
        <pin num="30" name="DTR" type="BiDi"/>
        <pin num="31" name="TX0" type="BiDi"/>
        <pin num="32" name="RXI" type="BiDi"/>
        <pin num="33" name="VCC" type="passive"/>
        <pin num="34" name="GND" type="passive"/>
        <pin num="35" name="GND" type="passive"/>
      </pins>
    </libpart>
  </libparts>
  <libraries>
    <library logical="device">
      <uri>/usr/share/kicad/library/device.lib</uri>
    </library>
    <library logical="variometer-comp">
      <uri>/home/prunkdump/kicad/variometer/sc-library/variometer-comp.lib</uri>
    </library>
  </libraries>
  <nets>
    <net code="1" name="Net-(U5-Pad7)">
      <node ref="U5" pin="7"/>
    </net>
    <net code="2" name="Net-(U5-Pad20)">
      <node ref="U5" pin="20"/>
    </net>
    <net code="3" name="Net-(U5-Pad21)">
      <node ref="U5" pin="21"/>
    </net>
    <net code="4" name="Net-(U5-Pad23)">
      <node ref="U5" pin="23"/>
    </net>
    <net code="5" name="Net-(U5-Pad5)">
      <node ref="U5" pin="5"/>
    </net>
    <net code="6" name="Net-(U5-Pad14)">
      <node ref="U5" pin="14"/>
    </net>
    <net code="7" name="Net-(U5-Pad15)">
      <node ref="U5" pin="15"/>
    </net>
    <net code="8" name="Net-(U5-Pad16)">
      <node ref="U5" pin="16"/>
    </net>
    <net code="9" name="Net-(U5-Pad17)">
      <node ref="U5" pin="17"/>
    </net>
    <net code="10" name="Net-(U5-Pad29)">
      <node ref="U5" pin="29"/>
    </net>
    <net code="11" name="Net-(U4-Pad7)">
      <node ref="U4" pin="7"/>
      <node ref="U5" pin="10"/>
    </net>
    <net code="12" name="Net-(U4-Pad6)">
      <node ref="U4" pin="6"/>
      <node ref="U5" pin="9"/>
    </net>
    <net code="13" name="Net-(U1-Pad4)">
      <node ref="U1" pin="4"/>
    </net>
    <net code="14" name="Net-(U1-Pad3)">
      <node ref="U1" pin="3"/>
    </net>
    <net code="15" name="Net-(U1-Pad2)">
      <node ref="U1" pin="2"/>
    </net>
    <net code="16" name="Net-(U1-Pad1)">
      <node ref="U1" pin="1"/>
    </net>
    <net code="17" name="Net-(U5-Pad3)">
      <node ref="U5" pin="3"/>
    </net>
    <net code="18" name="Net-(S1-Pad2)">
      <node ref="S1" pin="2"/>
      <node ref="U9" pin="1"/>
    </net>
    <net code="19" name="Net-(R1-Pad1)">
      <node ref="U4" pin="4"/>
      <node ref="R1" pin="1"/>
    </net>
    <net code="20" name="Net-(U2-Pad1)">
      <node ref="U4" pin="1"/>
      <node ref="U2" pin="1"/>
    </net>
    <net code="21" name="Net-(U3-Pad1)">
      <node ref="U3" pin="1"/>
      <node ref="U5" pin="30"/>
    </net>
    <net code="22" name="Net-(U3-Pad2)">
      <node ref="U3" pin="2"/>
      <node ref="U5" pin="31"/>
    </net>
    <net code="23" name="Net-(U3-Pad3)">
      <node ref="U5" pin="32"/>
      <node ref="U3" pin="3"/>
    </net>
    <net code="24" name="Net-(U3-Pad4)">
      <node ref="U5" pin="33"/>
      <node ref="U3" pin="4"/>
    </net>
    <net code="25" name="Net-(U3-Pad5)">
      <node ref="U5" pin="34"/>
      <node ref="U3" pin="5"/>
    </net>
    <net code="26" name="Net-(U3-Pad6)">
      <node ref="U5" pin="35"/>
      <node ref="U3" pin="6"/>
    </net>
    <net code="27" name="VCC">
      <node ref="S1" pin="1"/>
      <node ref="U5" pin="22"/>
      <node ref="U8" pin="2"/>
      <node ref="U7" pin="6"/>
      <node ref="U6" pin="1"/>
    </net>
    <net code="28" name="Net-(U8-Pad3)">
      <node ref="U8" pin="3"/>
    </net>
    <net code="29" name="Net-(U5-Pad19)">
      <node ref="U6" pin="3"/>
      <node ref="U5" pin="19"/>
    </net>
    <net code="30" name="Net-(U5-Pad18)">
      <node ref="U5" pin="18"/>
      <node ref="U6" pin="4"/>
    </net>
    <net code="31" name="Net-(U6-Pad5)">
      <node ref="U6" pin="5"/>
    </net>
    <net code="32" name="Net-(U6-Pad6)">
      <node ref="U6" pin="6"/>
    </net>
    <net code="33" name="Net-(U6-Pad7)">
      <node ref="U6" pin="7"/>
    </net>
    <net code="34" name="Net-(U6-Pad8)">
      <node ref="U6" pin="8"/>
    </net>
    <net code="35" name="Net-(U6-Pad9)">
      <node ref="U6" pin="9"/>
    </net>
    <net code="36" name="Net-(U6-Pad10)">
      <node ref="U6" pin="10"/>
    </net>
    <net code="37" name="Net-(U5-Pad27)">
      <node ref="U5" pin="27"/>
      <node ref="U9" pin="2"/>
    </net>
    <net code="38" name="Net-(U5-Pad28)">
      <node ref="U5" pin="28"/>
      <node ref="U9" pin="3"/>
    </net>
    <net code="39" name="Net-(U5-Pad8)">
      <node ref="U5" pin="8"/>
      <node ref="U8" pin="4"/>
    </net>
    <net code="40" name="Net-(U5-Pad11)">
      <node ref="U7" pin="4"/>
      <node ref="U5" pin="11"/>
      <node ref="U8" pin="5"/>
    </net>
    <net code="41" name="Net-(U5-Pad13)">
      <node ref="U7" pin="5"/>
      <node ref="U8" pin="6"/>
      <node ref="U5" pin="13"/>
    </net>
    <net code="42" name="Net-(U5-Pad12)">
      <node ref="U5" pin="12"/>
      <node ref="U8" pin="7"/>
    </net>
    <net code="43" name="Net-(U8-Pad8)">
      <node ref="U8" pin="8"/>
    </net>
    <net code="44" name="Net-(U5-Pad2)">
      <node ref="U7" pin="1"/>
      <node ref="U5" pin="2"/>
    </net>
    <net code="45" name="Net-(U5-Pad4)">
      <node ref="U7" pin="2"/>
      <node ref="U5" pin="4"/>
    </net>
    <net code="46" name="Net-(U5-Pad6)">
      <node ref="U7" pin="3"/>
      <node ref="U5" pin="6"/>
    </net>
    <net code="47" name="Net-(U7-Pad7)">
      <node ref="U7" pin="7"/>
    </net>
    <net code="48" name="GND">
      <node ref="U6" pin="2"/>
      <node ref="U1" pin="6"/>
      <node ref="U1" pin="5"/>
      <node ref="U4" pin="2"/>
      <node ref="U4" pin="8"/>
      <node ref="U4" pin="5"/>
      <node ref="U4" pin="3"/>
      <node ref="U5" pin="1"/>
      <node ref="U5" pin="26"/>
      <node ref="U5" pin="25"/>
      <node ref="U5" pin="24"/>
      <node ref="U9" pin="4"/>
      <node ref="U8" pin="1"/>
      <node ref="U7" pin="8"/>
    </net>
    <net code="49" name="Net-(R1-Pad2)">
      <node ref="R1" pin="2"/>
      <node ref="U2" pin="2"/>
    </net>
  </nets>
</export>
